name,gender
James,male
John,male
Robert,male
Michael,male
William,male
David,male
Richard,male
Charles,male
Joseph,male
Thomas,male
Christopher,male
Daniel,male
Matthew,male
Anthony,male
Mark,male
Donald,male
Steven,male
Paul,male
Andrew,male
Joshua,male
Mary,female
Patricia,female
Jennifer,female
Linda,female
Elizabeth,female
Barbara,female
Susan,female
Jessica,female
Sarah,female
Karen,female
Nancy,female
Lisa,female
Margaret,female
Betty,female
Sandra,female
Ashley,female
Dorothy,female
Kimberly,female
Emily,female
Donna,female
Michelle,female
Carol,female
Amanda,female
Melissa,female
Deborah,female
Stephanie,female
Rebecca,female
Laura,female
Sharon,female
Cynthia,female
Kathleen,female
Helen,female
Amy,female
Shirley,female
Anna,female
Brenda,female
Pamela,female
Nicole,female
Katherine,female
Samantha,female
Christine,female
Debra,female
Rachel,female
Catherine,female
Carolyn,female
Janet,female
Ruth,female
Maria,female
Heather,female
Diane,female
Virginia,female
Julie,female
Joyce,female
Victoria,female
Olivia,female
Megan,female
Chloe,female
Sophia,female
Isabella,female
Ava,female
Mia,female
Emily,female
Madison,female
Elizabeth,female
Hannah,female
Abigail,female
Madison,female
Natalie,female
Ella,female
Avery,female
Scarlett,female
Grace,female
Zoey,female
Lillian,female
Evelyn,female
Harper,female
Aubrey,female
Brooklyn,female
Bella,female
Leah,female
Hannah,female
Victoria,female
Layla,female
Lillian,female
Addison,female
Lucy,female
Anna,female
Audrey,female
Allison,female
Megan,female
Katie,female
Sophie,female
Riley,female
kanoj,male
